{
  "timestamp": "2025-08-14T10:03:33.252763",
  "global_statistics": {
    "total_samples": 100,
    "total_hard_negatives": 200,
    "global_mean": 0.21617158617707902,
    "global_std": 0.1561740955637277,
    "global_below_0.3": 150,
    "global_in_range": 44,
    "global_above_0.6": 6,
    "global_percent_in_range": 22.0
  },
  "prompt_analysis": {
    "query_based": {
      "domain_shift": {
        "count": 22,
        "mean": 0.23206425898454405,
        "std": 0.09831258418848324,
        "min": 0.09376431256532669,
        "max": 0.4334813356399536,
        "below_0.3": 15,
        "in_range_0.3_0.6": 7,
        "above_0.6": 0,
        "percent_in_range": 31.818181818181817
      },
      "opposite_intent": {
        "count": 18,
        "mean": 0.22644949994153446,
        "std": 0.14636672583057272,
        "min": 0.06753621995449066,
        "max": 0.5552258491516113,
        "below_0.3": 13,
        "in_range_0.3_0.6": 5,
        "above_0.6": 0,
        "percent_in_range": 27.77777777777778
      },
      "structure_copy": {
        "count": 23,
        "mean": 0.16399254941422006,
        "std": 0.08135817205157576,
        "min": 0.05066888779401779,
        "max": 0.35066258907318115,
        "below_0.3": 21,
        "in_range_0.3_0.6": 2,
        "above_0.6": 0,
        "percent_in_range": 8.695652173913043
      },
      "semantic_drift": {
        "count": 8,
        "mean": 0.30297489557415247,
        "std": 0.14963244537982892,
        "min": 0.11123170703649521,
        "max": 0.6450777053833008,
        "below_0.3": 4,
        "in_range_0.3_0.6": 3,
        "above_0.6": 1,
        "percent_in_range": 37.5
      },
      "syntactic_similarity": {
        "count": 16,
        "mean": 0.12810733821243048,
        "std": 0.11882019696826673,
        "min": 0.03841603174805641,
        "max": 0.5548120737075806,
        "below_0.3": 15,
        "in_range_0.3_0.6": 1,
        "above_0.6": 0,
        "percent_in_range": 6.25
      },
      "partial_overlap": {
        "count": 13,
        "mean": 0.18262435696445978,
        "std": 0.13428923332419007,
        "min": -0.03423338010907173,
        "max": 0.4920543432235718,
        "below_0.3": 11,
        "in_range_0.3_0.6": 2,
        "above_0.6": 0,
        "percent_in_range": 15.384615384615385
      }
    },
    "positive_based": {
      "near_miss": {
        "count": 22,
        "mean": 0.3212318940257484,
        "std": 0.21690406483910168,
        "min": 0.03553365543484688,
        "max": 0.6738913059234619,
        "below_0.3": 12,
        "in_range_0.3_0.6": 7,
        "above_0.6": 3,
        "percent_in_range": 31.818181818181817
      },
      "causal_reversal": {
        "count": 18,
        "mean": 0.19447147101163864,
        "std": 0.09096544292045926,
        "min": 0.0818331390619278,
        "max": 0.41625475883483887,
        "below_0.3": 16,
        "in_range_0.3_0.6": 2,
        "above_0.6": 0,
        "percent_in_range": 11.11111111111111
      },
      "temporal_shift": {
        "count": 24,
        "mean": 0.2335981899717202,
        "std": 0.18440044297168956,
        "min": 0.023754475638270378,
        "max": 0.6594190001487732,
        "below_0.3": 16,
        "in_range_0.3_0.6": 7,
        "above_0.6": 1,
        "percent_in_range": 29.166666666666668
      },
      "context_swap": {
        "count": 19,
        "mean": 0.15661368166145526,
        "std": 0.10916202926946714,
        "min": 0.0328403078019619,
        "max": 0.37950026988983154,
        "below_0.3": 16,
        "in_range_0.3_0.6": 3,
        "above_0.6": 0,
        "percent_in_range": 15.789473684210526
      },
      "over_generalization": {
        "count": 17,
        "mean": 0.2519850604756571,
        "std": 0.19475128338762887,
        "min": 0.002197140594944358,
        "max": 0.6862874031066895,
        "below_0.3": 11,
        "in_range_0.3_0.6": 5,
        "above_0.6": 1,
        "percent_in_range": 29.411764705882355
      }
    }
  }
}