{
  "timestamp": "2025-08-18T15:13:39.927790",
  "global_statistics": {
    "total_samples": 100,
    "total_hard_negatives": 200,
    "global_mean": 0.34785959297791125,
    "global_std": 0.18833957901022355,
    "global_below_0.3": 82,
    "global_in_range": 95,
    "global_above_0.6": 23,
    "global_percent_in_range": 47.5
  },
  "prompt_analysis": {
    "query_based": {
      "domain_shift": {
        "count": 23,
        "mean": 0.36564795543318207,
        "std": 0.1268703313456647,
        "min": 0.10537111759185791,
        "max": 0.6898839473724365,
        "below_0.3": 7,
        "in_range_0.3_0.6": 15,
        "above_0.6": 1,
        "percent_in_range": 65.21739130434783
      },
      "partial_overlap": {
        "count": 15,
        "mean": 0.2135891189177831,
        "std": 0.16306144124972652,
        "min": 0.06178171932697296,
        "max": 0.7275207042694092,
        "below_0.3": 13,
        "in_range_0.3_0.6": 1,
        "above_0.6": 1,
        "percent_in_range": 6.666666666666667
      },
      "structure_copy": {
        "count": 17,
        "mean": 0.3327238003120703,
        "std": 0.2150608653270081,
        "min": 0.0602603554725647,
        "max": 0.8711852431297302,
        "below_0.3": 8,
        "in_range_0.3_0.6": 7,
        "above_0.6": 2,
        "percent_in_range": 41.17647058823529
      },
      "syntactic_similarity": {
        "count": 14,
        "mean": 0.29874001336949213,
        "std": 0.14295089928297414,
        "min": 0.04807516932487488,
        "max": 0.5344700217247009,
        "below_0.3": 6,
        "in_range_0.3_0.6": 8,
        "above_0.6": 0,
        "percent_in_range": 57.14285714285714
      },
      "homonym_shift": {
        "count": 16,
        "mean": 0.36561091989278793,
        "std": 0.18914965278458407,
        "min": 0.12136246263980865,
        "max": 0.7643623948097229,
        "below_0.3": 7,
        "in_range_0.3_0.6": 6,
        "above_0.6": 3,
        "percent_in_range": 37.5
      },
      "semantic_drift": {
        "count": 15,
        "mean": 0.41741702357927957,
        "std": 0.1556240539038087,
        "min": 0.12272292375564575,
        "max": 0.65920090675354,
        "below_0.3": 3,
        "in_range_0.3_0.6": 10,
        "above_0.6": 2,
        "percent_in_range": 66.66666666666666
      }
    },
    "positive_based": {
      "homonym_shift": {
        "count": 23,
        "mean": 0.3449260513095752,
        "std": 0.18356064406497205,
        "min": 0.05207015946507454,
        "max": 0.6939090490341187,
        "below_0.3": 10,
        "in_range_0.3_0.6": 10,
        "above_0.6": 3,
        "percent_in_range": 43.47826086956522
      },
      "context_swap": {
        "count": 15,
        "mean": 0.3698528841137886,
        "std": 0.23165659641630248,
        "min": 0.10618194192647934,
        "max": 0.8625859022140503,
        "below_0.3": 7,
        "in_range_0.3_0.6": 6,
        "above_0.6": 2,
        "percent_in_range": 40.0
      },
      "opposite_intent": {
        "count": 31,
        "mean": 0.3463564481466047,
        "std": 0.19470767895261082,
        "min": 0.056824736297130585,
        "max": 0.732093870639801,
        "below_0.3": 11,
        "in_range_0.3_0.6": 17,
        "above_0.6": 3,
        "percent_in_range": 54.83870967741935
      },
      "hard_negative_polysemy_bait": {
        "count": 14,
        "mean": 0.46793981535094126,
        "std": 0.2216885959191191,
        "min": 0.13585609197616577,
        "max": 0.7705627679824829,
        "below_0.3": 4,
        "in_range_0.3_0.6": 4,
        "above_0.6": 6,
        "percent_in_range": 28.57142857142857
      },
      "near_miss": {
        "count": 17,
        "mean": 0.30818730724208493,
        "std": 0.12001378679894467,
        "min": 0.09775932878255844,
        "max": 0.5807880163192749,
        "below_0.3": 6,
        "in_range_0.3_0.6": 11,
        "above_0.6": 0,
        "percent_in_range": 64.70588235294117
      }
    }
  }
}